{"loss": [1.465206265449524, 0.4483475089073181, 0.25980904698371887, 0.18128575384616852, 0.13505180180072784], "accuracy": [0.5675652623176575, 0.8581122159957886, 0.915826141834259, 0.9411195516586304, 0.9558005332946777], "val_loss": [0.511020839214325, 0.27652233839035034, 0.22641947865486145, 0.18585367500782013, 0.16547763347625732], "val_accuracy": [0.8376394510269165, 0.9111085534095764, 0.9263032078742981, 0.9415547251701355, 0.9472455978393555]}